clip,seconds,rate,peak,rms
accept,0.60,44100,0.600,0.1473
back,0.30,44100,0.550,0.1632
bell,4.60,44100,0.900,0.1293
bird0,1.40,44100,0.700,0.1623
bird1,1.40,44100,0.700,0.1289
bird2,1.40,44100,0.700,0.1562
bird3,1.40,44100,0.700,0.0902
bird4,1.40,44100,0.700,0.1727
boost,0.80,44100,0.800,0.1588
caw0,0.80,44100,0.800,0.1624
caw1,0.80,44100,0.800,0.1677
coin,0.60,44100,0.700,0.1632
confirm,0.35,44100,0.600,0.1727
crickets,6.00,22050,0.800,0.0859
deliver,1.70,44100,0.750,0.1742
ding,2.40,44100,0.700,0.1283
grass0,0.16,44100,0.700,0.1209
grass1,0.16,44100,0.700,0.1172
grass2,0.16,44100,0.700,0.1218
grass3,0.16,44100,0.700,0.1127
gull0,1.08,44100,0.750,0.1483
gull1,1.52,44100,0.750,0.1472
hospital,1.40,44100,0.500,0.1477
landing,0.65,44100,0.850,0.1518
low,0.90,44100,0.500,0.1400
lullaby,2.60,44100,0.600,0.1625
page,0.24,44100,0.600,0.0812
sea,12.00,22050,0.900,0.1784
sizzle,1.30,44100,0.500,0.0252
stone0,0.12,44100,0.800,0.1493
stone1,0.12,44100,0.800,0.1471
stone2,0.12,44100,0.800,0.1364
stone3,0.12,44100,0.800,0.1376
takeoff,1.05,44100,0.850,0.1965
tick,0.03,44100,0.600,0.1149
waltz,20.87,44100,0.850,0.1980
wind,8.00,22050,0.900,0.1711
wood0,0.18,44100,0.800,0.1747
wood1,0.18,44100,0.800,0.1639
wood2,0.18,44100,0.800,0.1681
