frame,seconds,action,beat,speed,grounded,bodyPitch,bodyBank,gaze,bow,smear,gripError,soleError
0,0.0000,Standing / breathe,Rest / broom at side,0.000,True,0.676,1.255,0.000,0.000,0.000,0.00001,0.00000
1,0.0417,Standing / breathe,Rest / broom at side,0.000,True,0.680,1.260,0.000,0.000,0.000,0.00001,0.00000
2,0.0833,Standing / breathe,Rest / broom at side,0.000,True,0.678,1.256,0.000,0.000,0.000,0.00000,0.00000
3,0.1250,Standing / breathe,Rest / broom at side,0.000,True,0.672,1.244,0.000,0.000,0.000,0.00000,0.00000
4,0.1667,Standing / breathe,Rest / broom at side,0.000,True,0.662,1.223,0.000,0.000,0.000,0.00000,0.00000
5,0.2083,Standing / breathe,Rest / broom at side,0.000,True,0.648,1.196,0.000,0.000,0.000,0.00001,0.00000
6,0.2500,Standing / breathe,Rest / broom at side,0.000,True,0.631,1.163,0.000,0.000,0.000,0.00001,0.00000
7,0.2917,Standing / breathe,Rest / broom at side,0.000,True,0.610,1.123,0.000,0.000,0.000,0.00001,0.00000
8,0.3333,Standing / breathe,Rest / broom at side,0.000,True,0.587,1.079,0.000,0.000,0.000,0.00001,0.00000
9,0.3750,Standing / breathe,Rest / broom at side,0.000,True,0.561,1.030,0.000,0.000,0.000,0.00000,0.00000
10,0.4167,Standing / breathe,Rest / broom at side,0.000,True,0.533,0.978,0.000,0.000,0.000,0.00001,0.00000
11,0.4583,Standing / breathe,Rest / broom at side,0.000,True,0.503,0.922,0.000,0.000,0.000,0.00001,0.00000
12,0.5000,Standing / breathe,Rest / broom at side,0.000,True,0.473,0.864,0.000,0.000,0.000,0.00001,0.00000
13,0.5417,Standing / breathe,Rest / broom at side,0.000,True,0.441,0.805,0.000,0.000,0.000,0.00001,0.00000
14,0.5833,Standing / breathe,Rest / broom at side,0.000,True,0.408,0.745,0.000,0.000,0.000,0.00001,0.00000
15,0.6250,Standing / breathe,Rest / broom at side,0.000,True,0.375,0.684,0.000,0.000,0.000,0.00000,0.00000
16,0.6667,Standing / breathe,Rest / broom at side,0.000,True,0.342,0.623,0.000,0.000,0.000,0.00000,0.00000
17,0.7083,Standing / breathe,Rest / broom at side,0.000,True,0.310,0.562,0.000,0.000,0.000,0.00000,0.00000
18,0.7500,Standing / breathe,Rest / broom at side,0.000,True,0.278,0.503,0.000,0.000,0.000,0.00001,0.00000
19,0.7917,Standing / breathe,Rest / broom at side,0.000,True,0.246,0.444,0.000,0.000,0.000,0.00001,0.00001
20,0.8333,Standing / breathe,Rest / broom at side,0.000,True,0.215,0.387,0.000,0.000,0.000,0.00000,0.00000
21,0.8750,Standing / breathe,Rest / broom at side,0.000,True,0.185,0.331,0.000,0.000,0.000,0.00000,0.00000
22,0.9167,Standing / breathe,Rest / broom at side,0.000,True,0.155,0.277,0.000,0.000,0.000,0.00001,0.00000
23,0.9583,Standing / breathe,Rest / broom at side,0.000,True,0.127,0.225,0.000,0.000,0.000,0.00001,0.00000
24,1.0000,Standing / breathe,Rest / broom at side,0.000,True,0.099,0.175,0.000,0.000,0.000,0.00001,0.00000
25,1.0417,Standing / breathe,Rest / broom at side,0.000,True,0.073,0.126,0.000,0.000,0.000,0.00000,0.00000
26,1.0833,Standing / breathe,Rest / broom at side,0.000,True,0.047,0.078,0.000,0.000,0.000,0.00001,0.00000
27,1.1250,Standing / breathe,Rest / broom at side,0.000,True,0.021,0.032,0.000,0.000,0.000,0.00001,0.00000
28,1.1667,Standing / breathe,Rest / broom at side,0.000,True,-0.003,-0.014,0.000,0.000,0.000,0.00001,0.00000
29,1.2083,Standing / breathe,Rest / broom at side,0.000,True,-0.027,-0.058,0.000,0.000,0.000,0.00001,0.00000
30,1.2500,Standing / breathe,Rest / broom at side,0.000,True,-0.051,-0.102,0.000,0.000,0.000,0.00000,0.00000
31,1.2917,Takeoff,Mount / reach,0.000,False,-0.075,-0.146,0.000,0.000,0.000,0.00000,Infinity
32,1.3333,Takeoff,Mount / reach,0.000,False,1.491,-0.189,0.000,0.000,0.000,0.00000,Infinity
33,1.3750,Takeoff,Mount / reach,0.000,False,5.320,-0.233,0.000,0.000,0.000,0.00000,Infinity
34,1.4167,Takeoff,Mount / reach,0.000,False,8.245,-0.277,0.000,0.007,0.000,0.00001,Infinity
35,1.4583,Takeoff,Mount / reach,0.000,False,7.250,-0.322,0.000,0.023,0.000,0.00001,Infinity
36,1.5000,Takeoff,Mount / reach,0.000,False,2.580,-0.367,0.000,0.007,0.000,0.00000,Infinity
37,1.5417,Takeoff,Mount / reach,0.000,False,-2.638,-0.414,0.000,-0.104,0.000,0.00000,Infinity
38,1.5833,Takeoff,Mount / reach,0.000,False,-5.950,-0.461,0.000,-0.338,0.000,0.00000,Infinity
39,1.6250,Takeoff,Mount / reach,0.000,False,-7.042,-0.509,0.000,-0.643,0.000,0.00000,Infinity
40,1.6667,Takeoff,Mount / reach,0.000,False,-6.569,-0.559,0.000,-0.898,0.000,0.00000,Infinity
41,1.7083,Takeoff,Mount / reach,0.000,False,-5.211,-0.609,0.000,-0.961,0.000,0.00000,Infinity
42,1.7500,Takeoff,Mount / reach,0.000,False,-3.429,-0.659,0.000,-0.734,0.000,0.00000,Infinity
43,1.7917,Takeoff,Mount / reach,0.000,False,-1.514,-0.710,0.000,-0.211,0.000,0.00000,Infinity
44,1.8333,Takeoff,Mount / reach,0.000,False,0.343,-0.761,0.000,0.510,0.000,0.00000,Infinity
45,1.8750,Takeoff,Mount / reach,0.000,False,1.984,-0.811,0.000,1.244,0.000,0.00000,Infinity
46,1.9167,Takeoff,Mount / reach,0.000,False,3.261,-0.861,0.000,1.780,0.000,0.00000,Infinity
47,1.9583,Takeoff,Mount / reach,0.000,False,4.044,-0.909,0.000,1.948,0.000,0.00000,Infinity
48,2.0000,Takeoff,Mount / reach,0.000,False,4.395,-0.956,0.000,1.705,0.000,0.00000,Infinity
49,2.0417,Takeoff,Hover / breathe,0.000,False,4.493,-1.000,0.000,1.129,0.000,0.00000,Infinity
50,2.0833,Takeoff,Hover / breathe,0.000,False,4.486,-1.041,0.000,0.352,0.000,0.00001,Infinity
51,2.1250,Takeoff,Hover / breathe,0.000,False,4.450,-1.078,0.000,-0.476,0.000,0.00000,Infinity
52,2.1667,Takeoff,Hover / breathe,0.000,False,4.416,-1.111,0.000,-1.212,0.000,0.00000,Infinity
53,2.2083,Takeoff,Hover / breathe,0.000,False,4.391,-1.139,0.000,-1.726,0.000,0.00001,Infinity
54,2.2500,Takeoff,Hover / breathe,0.000,False,4.375,-1.161,0.000,-1.925,0.000,0.00001,Infinity
55,2.2917,Takeoff,Hover / breathe,0.000,False,4.365,-1.177,0.000,-1.768,0.000,0.00000,Infinity
56,2.3333,Takeoff,Hover / breathe,0.000,False,4.360,-1.186,0.000,-1.285,0.000,0.00001,Infinity
57,2.3750,Takeoff,Hover / breathe,0.000,False,4.358,-1.188,0.000,-0.562,0.000,0.00001,Infinity
58,2.4167,Takeoff,Hover / breathe,0.000,False,4.361,-1.182,0.000,0.264,0.000,0.00000,Infinity
59,2.4583,Takeoff,Hover / breathe,0.000,False,4.369,-1.167,0.000,1.041,0.000,0.00000,Infinity
60,2.5000,Takeoff,Hover / breathe,0.000,False,4.380,-1.144,0.000,1.626,0.000,0.00000,Infinity
61,2.5417,Takeoff,Hover / breathe,0.000,False,4.397,-1.113,0.000,1.910,0.000,0.00001,Infinity
62,2.5833,Takeoff,Hover / breathe,0.000,False,4.418,-1.072,0.000,1.841,0.000,0.00000,Infinity
63,2.6250,Takeoff,Hover / breathe,0.000,False,4.444,-1.022,0.000,1.432,0.000,0.00000,Infinity
64,2.6667,Takeoff,Hover / breathe,0.000,False,4.475,-0.964,0.000,0.758,0.000,0.00000,Infinity
65,2.7083,Takeoff,Hover / breathe,0.000,False,4.511,-0.896,0.000,-0.056,0.000,0.00000,Infinity
66,2.7500,Takeoff,Hover / breathe,0.000,False,4.551,-0.820,0.000,-0.860,0.000,0.00001,Infinity
67,2.7917,Takeoff,Hover / breathe,0.000,False,4.596,-0.736,0.000,-1.505,0.000,0.00001,Infinity
68,2.8333,Takeoff,Hover / breathe,0.000,False,4.645,-0.644,0.000,-1.871,0.000,0.00000,Infinity
69,2.8750,Takeoff,Hover / breathe,0.000,False,4.698,-0.545,0.000,-1.892,0.000,0.00000,Infinity
70,2.9167,Takeoff,Hover / breathe,0.000,False,4.754,-0.440,0.000,-1.563,0.000,0.00000,Infinity
71,2.9583,Takeoff,Hover / breathe,0.000,False,4.814,-0.329,0.000,-0.945,0.000,0.00001,Infinity
72,3.0000,Takeoff,Hover / breathe,0.000,False,4.876,-0.213,0.000,-0.152,0.000,0.00001,Infinity
73,3.0417,Takeoff,Hover / breathe,0.000,False,4.940,-0.093,0.000,0.669,0.000,0.00000,Infinity
74,3.0833,Takeoff,Hover / breathe,0.000,False,5.006,0.030,0.000,1.366,0.000,0.00000,Infinity
75,3.1250,Takeoff,Hover / breathe,0.000,False,5.073,0.154,0.000,1.810,0.000,0.00001,Infinity
76,3.1667,Takeoff,Hover / breathe,0.000,False,5.141,0.279,0.000,1.921,0.000,0.00000,Infinity
77,3.2083,Takeoff,Hover / breathe,0.000,False,5.208,0.404,0.000,1.676,0.000,0.00000,Infinity
78,3.2500,Takeoff,Hover / breathe,0.000,False,5.275,0.527,0.000,1.121,0.000,0.00000,Infinity
79,3.2917,Takeoff,Hover / breathe,0.000,False,5.340,0.647,0.000,0.359,0.000,0.00000,Infinity
80,3.3333,Takeoff,Hover / breathe,0.000,False,5.403,0.764,0.000,-0.469,0.000,0.00000,Infinity
81,3.3750,Takeoff,Hover / breathe,0.000,False,5.464,0.876,0.000,-1.211,0.000,0.00000,Infinity
82,3.4167,Takeoff,Hover / breathe,0.000,False,5.521,0.981,0.000,-1.729,0.000,0.00000,Infinity
83,3.4583,Takeoff,Hover / breathe,0.000,False,5.575,1.080,0.000,-1.927,0.000,0.00000,Infinity
84,3.5000,Takeoff,Hover / breathe,0.000,False,5.624,1.170,0.000,-1.769,0.000,0.00000,Infinity
85,3.5417,Takeoff,Hover / breathe,0.000,False,5.669,1.252,0.000,-1.284,0.000,0.00000,Infinity
86,3.5833,Takeoff,Hover / breathe,0.000,False,5.709,1.324,0.000,-0.561,0.000,0.00000,Infinity
87,3.6250,Takeoff,Hover / breathe,0.000,False,5.743,1.386,0.000,0.265,0.000,0.00000,Infinity
88,3.6667,Takeoff,Hover / breathe,0.000,False,5.771,1.437,0.000,1.042,0.000,0.00001,Infinity
89,3.7083,Hover,Hover / breathe,0.000,False,5.794,1.477,0.000,1.626,0.000,0.00000,Infinity
90,3.7500,Hover,Hover / breathe,0.000,False,5.810,1.505,0.000,1.910,0.000,0.00000,Infinity
91,3.7917,Hover,Hover / breathe,0.000,False,5.819,1.521,0.000,1.841,0.000,0.00000,Infinity
92,3.8333,Hover,Hover / breathe,0.000,False,5.823,1.526,0.000,1.431,0.000,0.00000,Infinity
93,3.8750,Hover,Hover / breathe,0.000,False,5.820,1.518,0.000,0.757,0.000,0.00000,Infinity
94,3.9167,Hover,Hover / breathe,0.000,False,5.810,1.499,0.000,-0.057,0.000,0.00000,Infinity
95,3.9583,Hover,Hover / breathe,0.000,False,5.795,1.468,0.000,-0.860,0.000,0.00000,Infinity
96,4.0000,Hover,Hover / breathe,0.000,False,5.774,1.427,0.000,-1.505,0.000,0.00000,Infinity
97,4.0417,Hover,Hover / breathe,0.000,False,5.747,1.375,0.000,-1.871,0.000,0.00000,Infinity
98,4.0833,Hover,Hover / breathe,0.000,False,5.714,1.314,0.000,-1.892,0.000,0.00001,Infinity
99,4.1250,Hover,Hover / breathe,0.000,False,5.677,1.243,0.000,-1.563,0.000,0.00001,Infinity
100,4.1667,Hover,Hover / breathe,0.000,False,5.635,1.164,0.000,-0.944,0.000,0.00000,Infinity
101,4.2083,Hover,Hover / breathe,0.000,False,5.589,1.077,0.000,-0.152,0.000,0.00000,Infinity
102,4.2500,Hover,Hover / breathe,0.000,False,5.539,0.985,0.000,0.669,0.000,0.00001,Infinity
103,4.2917,Hover,Hover / breathe,0.000,False,5.487,0.886,0.000,1.366,0.000,0.00000,Infinity
104,4.3333,Hover,Hover / breathe,0.000,False,5.432,0.783,0.000,1.811,0.000,0.00000,Infinity
105,4.3750,Hover,Hover / breathe,0.000,False,5.375,0.677,0.000,1.920,0.000,0.00000,Infinity
106,4.4167,Hover,Hover / breathe,0.000,False,5.317,0.569,0.000,1.675,0.000,0.00000,Infinity
107,4.4583,Hover,Hover / breathe,0.000,False,5.257,0.459,0.000,1.120,0.000,0.00000,Infinity
108,4.5000,Accelerate,Hover / breathe,2.736,False,6.567,0.343,0.000,0.369,0.000,0.00000,Infinity
109,4.5417,Accelerate,Hover / breathe,5.003,False,9.030,0.216,0.000,-0.540,0.000,0.00001,Infinity
110,4.5833,Accelerate,Hover / breathe,6.883,False,11.583,0.098,0.000,-1.599,0.000,0.00000,Infinity
111,4.6250,Accelerate,Cruise / wind,8.442,False,13.602,0.020,0.000,-2.655,0.000,0.00000,Infinity
112,4.6667,Accelerate,Cruise / wind,9.734,False,14.938,-0.015,0.000,-3.400,0.000,0.00001,Infinity
113,4.7083,Accelerate,Cruise / wind,10.806,False,15.693,-0.020,0.000,-3.511,0.000,0.00000,Infinity
114,4.7500,Accelerate,Cruise / wind,11.694,False,16.037,-0.014,0.000,-2.819,0.000,0.00000,Infinity
115,4.7917,Accelerate,Cruise / wind,12.430,False,16.126,-0.007,0.000,-1.385,0.000,0.00000,Infinity
116,4.8333,Accelerate,Cruise / wind,13.040,False,16.068,-0.001,0.000,0.517,0.000,0.00001,Infinity
117,4.8750,Accelerate,Cruise / wind,13.546,False,15.934,0.001,0.000,2.485,0.000,0.00001,Infinity
118,4.9167,Accelerate,Cruise / wind,13.966,False,15.767,0.001,0.000,4.090,0.000,0.00000,Infinity
119,4.9583,Accelerate,Cruise / wind,14.314,False,15.590,0.001,0.000,4.975,0.000,0.00000,Infinity
120,5.0000,Accelerate,Cruise / wind,14.602,False,15.417,0.000,0.000,4.925,0.000,0.00000,Infinity
121,5.0417,Accelerate,Cruise / wind,14.841,False,15.256,0.000,0.000,3.916,0.000,0.00000,Infinity
122,5.0833,Accelerate,Cruise / wind,15.039,False,15.109,0.000,0.000,2.121,0.000,0.00000,Infinity
123,5.1250,Accelerate,Cruise / wind,15.203,False,14.979,0.000,0.000,-0.128,0.000,0.00001,Infinity
124,5.1667,Accelerate,Cruise / wind,15.340,False,14.865,0.000,0.000,-2.403,0.000,0.00000,Infinity
125,5.2083,Accelerate,Cruise / wind,15.452,False,14.766,0.000,0.000,-4.265,0.000,0.00000,Infinity
126,5.2500,Accelerate,Cruise / wind,15.546,False,14.681,0.000,0.000,-5.352,0.000,0.00001,Infinity
127,5.2917,Accelerate,Cruise / wind,15.624,False,14.609,0.000,0.000,-5.448,0.000,0.00000,Infinity
128,5.3333,Accelerate,Cruise / wind,15.688,False,14.547,0.000,0.000,-4.525,0.000,0.00000,Infinity
129,5.3750,Accelerate,Cruise / wind,15.741,False,14.495,0.000,0.000,-2.750,0.000,0.00000,Infinity
130,5.4167,Accelerate,Cruise / wind,15.786,False,14.452,0.000,0.000,-0.449,0.000,0.00000,Infinity
131,5.4583,Accelerate,Cruise / wind,15.822,False,14.415,0.000,0.000,1.949,0.000,0.00000,Infinity
132,5.5000,Boost,Boost / tuck,17.631,False,17.668,0.000,0.000,4.047,0.000,0.00000,Infinity
133,5.5417,Boost,Boost / tuck,19.130,False,22.177,0.000,0.000,5.528,1.000,0.00000,Infinity
134,5.5833,Boost,Boost / tuck,20.373,False,25.644,0.000,0.000,6.115,0.550,0.00000,Infinity
135,5.6250,Boost,Boost / tuck,21.403,False,27.756,0.000,0.000,5.599,0.000,0.00000,Infinity
136,5.6667,Boost,Boost / tuck,22.258,False,28.860,0.000,0.000,3.947,0.000,0.00001,Infinity
137,5.7083,Boost,Boost / tuck,22.966,False,29.356,0.000,0.000,1.383,0.000,0.00000,Infinity
138,5.7500,Boost,Boost / tuck,23.553,False,29.527,0.000,0.000,-1.629,0.000,0.00001,Infinity
139,5.7917,Boost,Boost / tuck,24.040,False,29.537,0.000,0.000,-4.488,0.000,0.00000,Infinity
140,5.8333,Boost,Boost / tuck,24.443,False,29.471,0.000,0.000,-6.599,0.000,0.00001,Infinity
141,5.8750,Boost,Boost / tuck,24.778,False,29.369,0.000,0.000,-7.512,0.000,0.00001,Infinity
142,5.9167,Boost,Boost / tuck,25.055,False,29.252,0.000,0.000,-7.011,0.000,0.00001,Infinity
143,5.9583,Boost,Boost / tuck,25.285,False,29.133,0.000,0.000,-5.162,0.000,0.00001,Infinity
144,6.0000,Boost,Boost / tuck,25.476,False,29.018,0.000,0.000,-2.297,0.000,0.00001,Infinity
145,6.0417,Boost,Boost / tuck,25.634,False,28.911,0.000,0.000,1.052,0.000,0.00000,Infinity
146,6.0833,Boost,Boost / tuck,25.765,False,28.813,0.000,0.000,4.251,0.000,0.00000,Infinity
147,6.1250,Boost,Boost / tuck,25.873,False,28.727,0.000,0.000,6.691,0.000,0.00000,Infinity
148,6.1667,Boost,Boost / tuck,25.963,False,28.651,0.000,0.000,7.904,0.000,0.00001,Infinity
149,6.2083,Boost,Boost / tuck,26.038,False,28.583,0.000,0.000,7.650,0.000,0.00000,Infinity
150,6.2500,Boost,Cruise / wind,26.100,False,28.519,0.000,0.000,5.966,0.000,0.00000,Infinity
151,6.2917,Boost,Cruise / wind,26.151,False,28.457,0.000,0.000,3.162,0.000,0.00000,Infinity
152,6.3333,Boost,Cruise / wind,26.194,False,28.397,0.000,0.000,-0.236,0.000,0.00001,Infinity
153,6.3750,Boost,Cruise / wind,26.229,False,28.341,0.000,0.000,-3.596,0.000,0.00000,Infinity
154,6.4167,Boost,Cruise / wind,26.258,False,28.291,0.000,0.000,-6.292,0.000,0.00000,Infinity
155,6.4583,Boost,Cruise / wind,26.282,False,28.246,0.000,0.000,-7.823,0.000,0.00000,Infinity
156,6.5000,Boost,Cruise / wind,26.303,False,28.208,0.000,0.000,-7.908,0.000,0.00000,Infinity
157,6.5417,Boost,Cruise / wind,26.319,False,28.174,0.000,0.000,-6.530,0.000,0.00001,Infinity
158,6.5833,Cruise,Cruise / wind,24.555,False,24.881,0.000,0.000,-3.922,0.000,0.00000,Infinity
159,6.6250,Cruise,Cruise / wind,23.092,False,20.360,0.000,0.000,-0.604,0.000,0.00000,Infinity
160,6.6667,Cruise,Cruise / wind,21.880,False,16.892,0.000,0.000,2.702,0.000,0.00001,Infinity
161,6.7083,Cruise,Brake / catch balance,20.875,False,14.779,0.000,0.000,5.313,0.000,0.00000,Infinity
162,6.7500,Cruise,Brake / catch balance,20.041,False,13.222,0.000,0.000,6.775,1.000,0.00000,Infinity
163,6.7917,Cruise,Brake / catch balance,19.350,False,11.202,0.000,0.000,6.918,0.550,0.00000,Infinity
164,6.8333,Cruise,Brake / catch balance,18.777,False,8.580,0.000,0.000,5.821,0.000,0.00000,Infinity
165,6.8750,Cruise,Brake / catch balance,18.303,False,6.232,0.000,0.000,3.756,0.000,0.00001,Infinity
166,6.9167,Cruise,Brake / catch balance,17.909,False,4.865,0.000,0.000,1.124,0.000,0.00000,Infinity
167,6.9583,Cruise,Brake / catch balance,17.582,False,4.436,0.000,0.000,-1.602,0.000,0.00000,Infinity
168,7.0000,Cruise,Brake / catch balance,17.312,False,4.608,0.000,0.000,-3.950,0.000,0.00000,Infinity
169,7.0417,Cruise,Brake / catch balance,17.088,False,5.108,0.000,0.000,-5.523,0.000,0.00000,Infinity
170,7.0833,Cruise,Brake / catch balance,16.902,False,5.780,0.000,0.000,-6.062,0.000,0.00000,Infinity
171,7.1250,Cruise,Brake / catch balance,16.748,False,6.547,0.000,0.000,-5.495,0.000,0.00000,Infinity
172,7.1667,Cruise,Brake / catch balance,16.620,False,7.371,0.000,0.000,-3.942,0.000,0.00000,Infinity
173,7.2083,Cruise,Brake / catch balance,16.514,False,8.229,0.000,0.000,-1.697,0.000,0.00000,Infinity
174,7.2500,Cruise,Brake / catch balance,16.426,False,9.103,0.000,0.000,0.829,0.000,0.00000,Infinity
175,7.2917,Cruise,Brake / catch balance,16.353,False,9.972,0.000,0.000,3.176,0.000,0.00000,Infinity
176,7.3333,Cruise,Brake / catch balance,16.293,False,10.814,0.000,0.000,4.921,0.000,0.00000,Infinity
177,7.3750,Brake / recover,Brake / catch balance,12.171,False,10.178,0.000,0.000,5.596,0.000,0.00000,Infinity
178,7.4167,Brake / recover,Brake / catch balance,9.092,False,8.017,0.000,0.000,5.000,0.000,0.00000,Infinity
179,7.4583,Brake / recover,Brake / catch balance,6.792,False,5.436,0.000,0.000,3.428,0.000,0.00000,Infinity
180,7.5000,Brake / recover,Brake / catch balance,5.074,False,3.370,0.000,0.000,1.466,0.000,0.00000,Infinity
181,7.5417,Brake / recover,Brake / catch balance,3.790,False,2.138,0.000,0.000,-0.347,0.000,0.00000,Infinity
182,7.5833,Brake / recover,Cruise / wind,2.831,False,1.622,0.000,0.000,-1.699,0.000,0.00000,Infinity
183,7.6250,Brake / recover,Cruise / wind,2.115,False,1.600,0.021,0.000,-2.489,0.000,0.00000,Infinity
184,7.6667,Brake / recover,Hover / breathe,1.580,False,1.907,0.127,0.000,-2.739,0.000,0.00001,Infinity
185,7.7083,Brake / recover,Hover / breathe,1.180,False,2.398,0.336,0.000,-2.520,0.000,0.00000,Infinity
186,7.7500,Brake / recover,Hover / breathe,0.882,False,2.946,0.594,0.000,-1.927,0.000,0.00000,Infinity
187,7.7917,Brake / recover,Hover / breathe,0.659,False,3.466,0.831,0.000,-1.081,0.000,0.00000,Infinity
188,7.8333,Brake / recover,Hover / breathe,0.492,False,3.912,1.000,0.000,-0.127,0.000,0.00000,Infinity
189,7.8750,Brake / recover,Hover / breathe,0.368,False,4.270,1.088,0.000,0.785,0.000,0.00000,Infinity
190,7.9167,Brake / recover,Hover / breathe,0.275,False,4.546,1.105,0.000,1.511,0.000,0.00000,Infinity
191,7.9583,Brake / recover,Hover / breathe,0.205,False,4.749,1.070,0.000,1.943,0.000,0.00000,Infinity
192,8.0000,Brake / recover,Hover / breathe,0.153,False,4.894,1.001,0.000,2.018,0.000,0.00000,Infinity
193,8.0417,Brake / recover,Hover / breathe,0.114,False,4.992,0.911,0.000,1.733,0.000,0.00000,Infinity
194,8.0833,Brake / recover,Hover / breathe,0.085,False,5.052,0.808,0.000,1.144,0.000,0.00000,Infinity
195,8.1250,Brake / recover,Hover / breathe,0.064,False,5.083,0.697,0.000,0.357,0.000,0.00000,Infinity
196,8.1667,Brake / recover,Hover / breathe,0.048,False,5.090,0.579,0.000,-0.485,0.000,0.00000,Infinity
197,8.2083,Brake / recover,Hover / breathe,0.036,False,5.079,0.457,0.000,-1.231,0.000,0.00000,Infinity
198,8.2500,Brake / recover,Hover / breathe,0.027,False,5.053,0.331,0.000,-1.747,0.000,0.00000,Infinity
199,8.2917,Brake / recover,Hover / breathe,0.000,False,5.005,0.202,0.000,-1.940,0.000,0.00000,Infinity
200,8.3333,Brake / recover,Hover / breathe,0.000,False,4.952,0.072,0.000,-1.775,0.000,0.00000,Infinity
201,8.3750,Brake / recover,Hover / breathe,0.000,False,4.902,-0.059,0.000,-1.284,0.000,0.00000,Infinity
202,8.4167,Brake / recover,Hover / breathe,0.000,False,4.851,-0.189,0.000,-0.559,0.000,0.00000,Infinity
203,8.4583,Brake / recover,Hover / breathe,0.000,False,4.799,-0.317,0.000,0.268,0.000,0.00001,Infinity
204,8.5000,Brake / recover,Hover / breathe,0.000,False,4.744,-0.441,0.000,1.045,0.000,0.00000,Infinity
205,8.5417,Brake / recover,Hover / breathe,0.000,False,4.688,-0.562,0.000,1.628,0.000,0.00000,Infinity
206,8.5833,Brake / recover,Hover / breathe,0.000,False,4.632,-0.676,0.000,1.911,0.000,0.00001,Infinity
207,8.6250,Brake / recover,Hover / breathe,0.000,False,4.577,-0.785,0.000,1.841,0.000,0.00000,Infinity
208,8.6667,Brake / recover,Hover / breathe,0.000,False,4.524,-0.886,0.000,1.430,0.000,0.00000,Infinity
209,8.7083,Brake / recover,Hover / breathe,0.000,False,4.475,-0.979,0.000,0.755,0.000,0.00000,Infinity
210,8.7500,Brake / recover,Hover / breathe,0.000,False,4.430,-1.064,0.000,-0.059,0.000,0.00000,Infinity
211,8.7917,Brake / recover,Hover / breathe,0.000,False,4.390,-1.139,0.000,-0.863,0.000,0.00000,Infinity
212,8.8333,Brake / recover,Hover / breathe,0.000,False,4.354,-1.204,0.000,-1.507,0.000,0.00001,Infinity
